0x80000000,U4_Hitpoints,,0x100,100,,1,0,800,0x0,0,2,1,50
0x80000001,U4_Mana,,0x100,0,,1,0,999,0x0,0,2,1,0
0x80000002,U4_Experience,,0x100,0,,1,0,9999,0x0,0,1,1,0
0x80000003,U4_Level,,0x100,1,,1,1,8,0x0,0,1,1,100
0x80000004,Gender,,0x100,0,GenderType,0,0,0,0x0,0,3,1,0
0x80000006,U4_PlayerClass,,0x30a,,,0,,,0x0,0,3,1,100
0x80000007,U4_Virtue_Honesty,,0x100,0,,1,0,100,0x0,0,0,1,0
0x80000008,U4_Virtue_Compassion,,0x100,0,,1,0,100,0x0,0,0,1,0
0x80000009,U4_Virtue_Valor,,0x100,0,,1,0,100,0x0,0,0,1,0
0x8000000a,U4_Virtue_Justice,,0x100,0,,1,0,100,0x0,0,0,1,0
0x8000000b,U4_Virtue_Sacrifice,,0x100,0,,1,0,100,0x0,0,0,1,0
0x8000000c,U4_Virtue_Honor,,0x100,0,,1,0,100,0x0,0,0,1,0
0x8000000d,U4_Virtue_Spirituality,,0x100,0,,1,0,100,0x0,0,0,1,0
0x8000000e,U4_Virtue_Humility,,0x100,0,,1,0,100,0x0,0,0,1,0
0x8000000f,U4_Strength,,0x100,10,,1,0,99,0x0,0,1,1,0
0x80000010,U4_Dexterity,,0x100,10,,1,0,99,0x0,0,1,1,0
0x80000011,U4_Intelligence,,0x100,10,,1,0,99,0x0,0,1,1,0
0x80000012,U4_Keys,,0x100,0,,1,0,99,0x1,0,1,1,0
0x80000013,U4_Gems,,0x100,0,,1,0,99,0x1,0,1,1,0
0x80000014,U4_Torches,,0x100,0,,1,0,99,0x1,0,1,1,0
0x80000015,U4_Potions,,0x100,0,,1,0,99,0x1,0,1,1,0
0x80000016,U4_Gold,,0x100,0,,1,0,9999,0x1,0,1,1,0
0x80000017,U4_Food,,0x100,0,,1,0,999,0x1,0,2,1,0
0x80000018,U4_Poisoned,,0x102,0,,0,,,0x0,0,2,1,0
0x80000019,Unconscious,,0x102,0,,0,,,0x0,0,2,0,0
0x8000001a,Negated,,0x102,0,,0,,,0x0,0,3,0,0
0x8000001b,Locked,,0x102,0,,0,,,0x0,0,2,0,0
0x8000001c,State,,0x100,0,,0,0,0,0x0,0,2,0,0
0x8000001d,U4_Notoriety,,0x100,0,,1,0,24,0x0,0,0,1,0
0x8000001e,U4_Transport_Boarded_Widget,,0x302,,,0,,,0x0,1,0,1,0
0x8000001f,U4_Spell_Awaken,,0x100,0,,1,0,99,0x1,0,1,1,0
0x80000020,U4_Spell_Blink,,0x100,0,,1,0,99,0x1,0,1,1,0
0x80000021,U4_Spell_Cure,,0x100,0,,1,0,99,0x1,0,1,1,0
0x80000022,U4_Spell_Dispell,,0x100,0,,1,0,99,0x1,0,1,1,0
0x80000023,U4_Spell_Energy_Field,,0x100,0,,1,0,99,0x1,0,1,1,0
0x80000024,U4_Spell_Fireball,,0x100,0,,1,0,99,0x1,0,1,1,0
0x80000025,U4_Spell_Gate_Travel,,0x100,0,,1,0,99,0x1,0,1,1,0
0x80000026,U4_Spell_Heal,,0x100,0,,1,0,99,0x1,0,1,1,0
0x80000027,U4_Spell_Iceball,,0x100,0,,1,0,99,0x1,0,1,1,0
0x80000028,U4_Spell_Jinx,,0x100,0,,1,0,99,0x1,0,1,1,0
0x80000029,U4_Spell_Kill,,0x100,0,,1,0,99,0x1,0,1,1,0
0x8000002a,U4_Spell_Light,,0x100,0,,1,0,99,0x1,0,1,1,0
0x8000002b,U4_Spell_Magic_Missile,,0x100,0,,1,0,99,0x1,0,1,1,0
0x8000002c,U4_Spell_Negate,,0x100,0,,1,0,99,0x1,0,1,1,0
0x8000002d,U4_Spell_Open,,0x100,0,,1,0,99,0x1,0,1,1,0
0x8000002e,U4_Spell_Protection,,0x100,0,,1,0,99,0x1,0,1,1,0
0x8000002f,U4_Spell_Quickness,,0x100,0,,1,0,99,0x1,0,1,1,0
0x80000030,U4_Spell_Resurrect,,0x100,0,,1,0,99,0x1,0,1,1,0
0x80000031,U4_Spell_Sleep,,0x100,0,,1,0,99,0x1,0,1,1,0
0x80000032,U4_Spell_Tremor,,0x100,0,,1,0,99,0x1,0,1,1,0
0x80000033,U4_Spell_Undead,,0x100,0,,1,0,99,0x1,0,1,1,0
0x80000034,U4_Spell_View,,0x100,0,,1,0,99,0x1,0,1,1,0
0x80000035,U4_Spell_Wind_Change,,0x100,0,,1,0,99,0x1,0,1,1,0
0x80000036,U4_Spell_Xit,,0x100,0,,1,0,99,0x1,0,1,1,0
0x80000037,U4_Spell_Yup,,0x100,0,,1,0,99,0x1,0,1,1,0
0x80000038,U4_Spell_Zdown,,0x100,0,,1,0,99,0x1,0,1,1,0
0x80000039,U4_Reagent_Sulphurous_Ash,,0x100,0,,1,0,99,0x1,0,1,1,0
0x8000003a,U4_Reagent_Ginseng,,0x100,0,,1,0,99,0x1,0,1,1,0
0x8000003b,U4_Reagent_Garlic,,0x100,0,,1,0,99,0x1,0,1,1,0
0x8000003c,U4_Reagent_Spider_Silk,,0x100,0,,1,0,99,0x1,0,1,1,0
0x8000003d,U4_Reagent_Blood_Moss,,0x100,0,,1,0,99,0x1,0,1,1,0
0x8000003e,U4_Reagent_Black_Pearl,,0x100,0,,1,0,99,0x1,0,1,1,0
0x8000003f,U4_Reagent_Nightshade,,0x100,0,,1,0,99,0x1,0,1,1,0
0x80000040,U4_Reagent_Mandrake_Root,,0x100,0,,1,0,99,0x1,0,1,1,0
0x80000041,U4_Lord_British_Stage,,0x100,0,LBHelpStageType,0,0,0,0x0,0,0,1,0
0x80000042,U4_Item_Runes,,0x100,0,,1,0,255,0x0,0,1,1,0
0x80000043,U4_Item_Stones,,0x100,0,,1,0,255,0x0,0,1,1,0
0x80000044,U4_Item_Rune_Materials,,0x100,0,,1,0,255,0x0,0,1,1,0
0x80000045,U4_Item_Bell,,0x100,0,,0,0,0,0x0,0,1,1,0
0x80000046,U4_Shrine_Cycle1,,0x100,0,,0,0,0,0x0,0,1,1,0
0x80000047,U4_Shrine_Cycle2,,0x100,0,,0,0,0,0x0,0,1,1,0
0x80000048,U4_Shrine_Cycle3,,0x100,0,,0,0,0,0x0,0,1,1,0
0x80000049,U4_Seer_Bestowals,,0x100,0,,1,0,255,0x0,0,0,1,0
0x8000004a,U4_Item_Book,,0x100,0,,0,0,0,0x0,0,1,1,0
0x8000004b,U4_Item_Candle,,0x100,0,,0,0,0,0x0,0,1,1,0
0x8000004c,U4_Item_Silver_Horn,,0x100,0,,0,0,0,0x0,0,1,1,0
0x8000004d,U4_Item_Skull_Fragment,,0x100,0,,0,0,0,0x0,0,1,1,0
0x8000004e,U4_HMS_Cape_Imbued,,0x100,0,,0,0,0,0x0,0,2,0,0
0x8000004f,U4_Item_Three_Part_Key,,0x100,0,,1,0,7,0x0,0,1,1,0
0x80000050,U4_Item_Sextant,,0x100,0,,0,0,0,0x0,0,1,1,0
0x80000052,HackAttempts,,0x100,0,,0,0,0,0x0,0,0,1,0
0x80000053,Jinxed,,0x102,0,,0,,,0x0,0,2,0,0
0x80000054,Protected,,0x102,0,,0,,,0x0,0,2,0,0
0x80000055,Quickened,,0x102,0,,0,,,0x0,0,2,0,0
0x80000056,U4_Graphic_ID,,0x306,,,0,,,0x0,0,2,1,200
0x8000005a,U4_Horse,,0x102,0,,0,,,0x0,0,1,1,0
0x8000005b,U4_Spirit_Bound,,0x102,0,,0,,,0x0,0,1,1,0
0x80000060,Transport_Commander_ID,,0x100,0,,0,0,0,0x0,0,2,0,0
0x80000061,Transport_ID,,0x100,0,,0,0,0,0x0,0,0,0,0
0x80000062,U4_Last_Orb_Type,,0x100,0,,0,0,0,0x0,0,0,1,0
0x80000063,U4_Meditating,,0x102,0,,0,,,0x0,0,2,0,0
0x80000064,U4_Virtue_Elevation,,0x100,0,,1,0,255,0x0,0,1,1,0
0x80000065,U4_Last_Meditation_Virtue,,0x100,0,,1,0,7,0x0,0,1,0,0
0x80000069,Frozen,,0x102,0,,0,,,0x0,0,2,0,0
0x8000006a,U4_Wind_Direction_Override,,0x100,0,,1,0,8,0x0,0,1,0,0
0x8000006b,U4_Wind_Expiration_Time,,0x100,0,,0,0,0,0x0,0,0,0,0
0x8000006c,U4_Shrine_Daemon_Immunity,,0x102,0,,0,,,0x0,0,1,0,0
0x8000006d,U4_Last_Incremented_Virtue,,0x100,-1,,1,-1,7,0x0,0,0,1,0
0x8000006e,Admin,,0x102,0,,0,,,0x0,0,3,1,0
0x8000006f,Burning,,0x102,0,,0,,,0x0,0,2,0,0
0x80000070,Camouflaged,,0x102,0,,0,,,0x0,0,2,0,0
0x80000071,U4_Last_Incremented_Virtue_Map,,0x305,,,0,,,0x0,0,0,1,0
0x80000072,U4_Criminal,,0x102,0,,0,,,0x0,0,2,0,0
0x80000073,U4_Confiscated_Keys,,0x100,0,,1,0,99,0x0,0,0,1,0
0x80000074,U4_Confiscated_Gold,,0x100,0,,1,0,9999,0x0,0,0,1,0
0x80000075,U4_Codex_Question_Attempt,,0x100,1,,1,1,3,0x0,0,1,0,0
0x80000076,U1_LastMap,,0x305,,,0,,,0x0,0,0,1,0
0x80000077,U3_LastMap,,0x305,,,0,,,0x0,0,0,1,0
0x80000078,U1_LastPosX,,0x100,0,,0,0,0,0x0,0,0,1,0
0x80000079,U1_LastPosY,,0x100,0,,0,0,0,0x0,0,0,1,0
0x8000007a,Ultima_Version,,0x100,4,,1,1,4,0x0,0,1,1,25
0x8000007b,U3_LastPosX,,0x100,0,,0,0,0,0x0,0,0,1,0
0x8000007c,U2_LastPosY,,0x100,0,,0,0,0,0x0,0,0,1,0
0x8000007d,U2_LastPosX,,0x100,0,,0,0,0,0x0,0,0,1,0
0x8000007e,U3_LastPosY,,0x100,0,,0,0,0,0x0,0,0,1,0
0x8000007f,U2_LastMap,,0x305,,,0,,,0x0,0,0,1,0
0x80000080,U3_Graphic_ID,,0x306,,,0,,,0x0,0,2,1,200
0x80000081,U3_Transport_Boarded_Widget,,0x302,,,0,,,0x0,1,0,1,0
0x80000082,U3_Food,,0x100,0,,1,0,999,0x1,0,2,1,0
0x80000083,U3_Spirit_Bound,,0x102,0,,0,,,0x0,0,1,1,0
0x80000087,U3_Poisoned,,0x102,0,,0,,,0x0,0,2,1,0
0x80000088,U3_PlayerClass,,0x30a,,,0,,,0x0,0,3,1,100
0x80000089,U3_Level,,0x100,1,,1,1,25,0x0,0,1,1,100
0x8000008a,U3_Intelligence,,0x100,10,,1,0,99,0x0,0,1,1,0
0x8000008b,U3_Experience,,0x100,0,,1,0,9999,0x0,0,1,1,0
0x8000008c,U3_Torches,,0x100,0,,1,0,99,0x1,0,1,1,0
0x8000008d,U3_Gems,,0x100,0,,1,0,99,0x1,0,1,1,0
0x8000008e,U3_Confiscated_Gold,,0x100,0,,1,0,9999,0x0,0,0,1,0
0x80000090,U3_Gold,,0x100,0,,1,0,9999,0x1,0,1,1,0
0x80000091,U3_Mana,,0x100,0,,1,0,999,0x0,0,2,1,0
0x80000092,U3_Dexterity,,0x100,10,,1,0,99,0x0,0,1,1,0
0x80000093,U3_Criminal,,0x102,0,,0,,,0x0,0,2,0,0
0x80000094,U3_Wisdom,,0x100,10,,1,0,99,0x0,0,1,1,0
0x80000096,U3_Confiscated_Keys,,0x100,0,,1,0,99,0x0,0,0,1,0
0x80000098,U3_Hitpoints,,0x100,100,,1,0,2550,0x0,0,2,1,50
0x80000099,U3_Potions,,0x100,0,,1,0,99,0x1,0,1,1,0
0x8000009a,U3_Notoriety,,0x100,0,,1,0,24,0x0,0,0,1,0
0x8000009c,U3_Strength,,0x100,10,,1,0,99,0x0,0,1,1,0
0x8000009d,U3_Keys,,0x100,0,,1,0,99,0x1,0,1,1,0
0x8000009e,U1_Stamina,,0x100,10,,1,0,99,0x0,0,1,1,0
0x800000a0,U2_Poisoned,,0x102,0,,0,,,0x0,0,2,1,0
0x800000a1,U2_Charisma,,0x100,10,,1,0,99,0x0,0,1,1,0
0x800000a3,U2_Confiscated_Keys,,0x100,0,,1,0,99,0x0,0,0,1,0
0x800000a5,U1_Hitpoints,,0x100,100,,1,0,9999,0x0,0,2,1,50
0x800000a6,U2_Spirit_Bound,,0x102,0,,0,,,0x0,0,1,1,0
0x800000a7,U1_Confiscated_Coin,,0x100,0,,1,0,9999,0x0,0,0,1,0
0x800000a8,U2_Helms,,0x100,0,,1,0,99,0x1,0,1,1,0
0x800000a9,U2_Potions,,0x100,0,,1,0,99,0x1,0,1,1,0
0x800000aa,U1_Food,,0x100,0,,1,0,999,0x1,0,2,1,0
0x800000ac,U1_Charisma,,0x100,10,,1,0,99,0x0,0,1,1,0
0x800000ae,U1_Intelligence,,0x100,10,,1,0,99,0x0,0,1,1,0
0x800000af,U2_Transport_Boarded_Widget,,0x302,,,0,,,0x0,1,0,1,0
0x800000b2,U1_Agility,,0x100,10,,1,0,99,0x0,0,1,1,0
0x800000b3,U2_Intelligence,,0x100,10,,1,0,99,0x0,0,1,1,0
0x800000b5,U1_Transport_Boarded_Widget,,0x302,,,0,,,0x0,1,0,1,0
0x800000b8,U1_Coin,,0x100,0,,1,0,9999,0x1,0,1,1,0
0x800000b9,U2_Criminal,,0x102,0,,0,,,0x0,0,2,0,0
0x800000ba,U1_Torches,,0x100,0,,1,0,99,0x1,0,1,1,0
0x800000bb,U2_Confiscated_Gold,,0x100,0,,1,0,9999,0x0,0,0,1,0
0x800000bd,U1_Wisdom,,0x100,10,,1,0,99,0x0,0,1,1,0
0x800000be,U2_Hitpoints,,0x100,100,,1,0,9999,0x0,0,2,1,50
0x800000bf,U1_Notoriety,,0x100,0,,1,0,24,0x0,0,0,1,0
0x800000c0,U2_Torches,,0x100,0,,1,0,99,0x1,0,1,1,0
0x800000c3,U2_Graphic_ID,,0x306,,,0,,,0x0,0,2,1,200
0x800000c4,U1_Spirit_Bound,,0x102,0,,0,,,0x0,0,1,1,0
0x800000c5,U2_Gold,,0x100,0,,1,0,9999,0x1,0,1,1,0
0x800000c6,U1_Criminal,,0x102,0,,0,,,0x0,0,2,0,0
0x800000c9,U2_Food,,0x100,0,,1,0,999,0x1,0,2,1,0
0x800000ca,U2_Notoriety,,0x100,0,,1,0,24,0x0,0,0,1,0
0x800000cb,U1_Experience,,0x100,0,,1,0,9999,0x0,0,1,1,0
0x800000cc,U2_Experience,,0x100,0,,1,0,9999,0x0,0,1,1,0
0x800000cd,U2_Strength,,0x100,10,,1,0,99,0x0,0,1,1,0
0x800000ce,U2_Wisdom,,0x100,10,,1,0,99,0x0,0,1,1,0
0x800000cf,U1_Graphic_ID,,0x306,,,0,,,0x0,0,2,1,200
0x800000d0,U2_PlayerClass,,0x30a,,,0,,,0x0,0,3,1,100
0x800000d1,U1_PlayerClass,,0x30a,,,0,,,0x0,0,3,1,100
0x800000d2,U2_Agility,,0x100,10,,1,0,99,0x0,0,1,1,0
0x800000d3,U1_Gems,,0x100,0,,1,0,15,0x0,0,1,1,0
0x800000d7,U2_Stamina,,0x100,10,,1,0,99,0x0,0,1,1,0
0x800000d8,U1_Confiscated_Keys,,0x100,0,,1,0,99,0x0,0,0,1,0
0x800000d9,U1_Strength,,0x100,10,,1,0,99,0x0,0,1,1,0
0x800000db,U2_Mana,,0x100,0,,1,0,999,0x0,0,2,1,0
0x800000dc,U2_Keys,,0x100,0,,1,0,99,0x1,0,1,1,0
0x800000dd,U1_Keys,,0x100,0,,1,0,99,0x0,0,1,1,0
0x800000e2,U2_Green_Idols,,0x100,0,,1,0,99,0x1,0,1,1,0
0x800000e3,U2_Wands,,0x100,0,,1,0,99,0x1,0,1,1,0
0x800000e4,U2_Blue_Tassles,,0x100,0,,1,0,99,0x1,0,1,1,0
0x800000e5,U2_Tools,,0x100,0,,1,0,99,0x1,0,1,1,0
0x800000e6,U2_Ankhs,,0x100,0,,1,0,99,0x1,0,1,1,0
0x800000e7,U2_Brass_Buttons,,0x100,0,,1,0,99,0x1,0,1,1,0
0x800000e8,U2_Cloaks,,0x100,0,,1,0,99,0x1,0,1,1,0
0x800000e9,U2_Boots,,0x100,0,,1,0,99,0x1,0,1,1,0
0x800000ea,U2_Rings,,0x100,0,,1,0,99,0x1,0,1,1,0
0x800000eb,U2_Staffs,,0x100,0,,1,0,99,0x1,0,1,1,0
0x800000ec,U2_Tri_Lithium,,0x100,0,,1,0,99,0x1,0,1,1,0
0x800000ed,U2_Skull_Keys,,0x100,0,,1,0,99,0x1,0,1,1,0
0x800000ee,U4_LastMap,,0x305,,,0,,,0x0,0,0,1,0
0x800000ef,U4_LastPosX,,0x100,0,,0,0,0,0x0,0,0,1,0
0x800000f0,U4_LastPosY,,0x100,0,,0,0,0,0x0,0,0,1,0
0x800000f1,Hitpoints,,0x100,100,,1,0,9999,0x0,0,2,0,50
0x800000f2,Poisoned,,0x102,0,,0,,,0x0,0,2,0,0
0x800000f3,Food,,0x100,0,,1,0,999,0x1,0,0,0,0
0x800000f4,Gold,,0x100,0,,1,0,9999,0x1,0,0,0,0
0x800000f5,U1_Spell_Magic_Missile,,0x100,0,,1,0,99,0x1,0,1,1,0
0x800000f6,U1_Spell_Heal,,0x100,0,,1,0,99,0x1,0,1,1,0
0x800000f7,U1_Spell_Down,,0x100,0,,1,0,99,0x1,0,1,1,0
0x800000f8,U1_Spell_Create,,0x100,0,,1,0,99,0x1,0,1,1,0
0x800000f9,U1_Spell_Surface,,0x100,0,,1,0,99,0x1,0,1,1,0
0x800000fa,U1_Spell_Open,,0x100,0,,1,0,99,0x1,0,1,1,0
0x800000fb,U1_Spell_Prayer,,0x100,0,,1,0,99,0x1,0,1,1,0
0x800000fc,U1_Spell_Up,,0x100,0,,1,0,99,0x1,0,1,1,0
0x800000fd,U1_Spell_Destroy,,0x100,0,,1,0,99,0x1,0,1,1,0
0x800000fe,U1_Spell_Kill,,0x100,0,,1,0,99,0x1,0,1,1,0
0x800000ff,U1_Spell_Light,,0x100,0,,1,0,99,0x1,0,1,1,0
0x80000100,U1_Spell_Blink,,0x100,0,,1,0,99,0x1,0,1,1,0
0x80000101,U2_Spell_Up,,0x100,0,,1,0,99,0x1,0,1,1,0
0x80000102,U2_Spell_Surface,,0x100,0,,1,0,99,0x1,0,1,1,0
0x80000103,U2_Spell_Down,,0x100,0,,1,0,99,0x1,0,1,1,0
0x80000104,U2_Spell_Kill,,0x100,0,,1,0,99,0x1,0,1,1,0
0x80000105,U2_Spell_Blink,,0x100,0,,1,0,99,0x1,0,1,1,0
0x80000106,U2_Spell_Heal,,0x100,0,,1,0,99,0x1,0,1,1,0
0x80000107,U2_Spell_Prayer,,0x100,0,,1,0,99,0x1,0,1,1,0
0x80000108,U2_Spell_Magic_Missile,,0x100,0,,1,0,99,0x1,0,1,1,0
0x80000109,U2_Spell_Light,,0x100,0,,1,0,99,0x1,0,1,1,0
0x8000010a,U1_Quest_Olympus,,0x100,0,,1,0,5,0x0,0,0,1,0
0x8000010b,U1_Quest_WhiteDragon,,0x100,0,,1,0,5,0x0,0,0,1,0
0x8000010c,U1_Quest_BlackDragon,,0x100,0,,1,0,5,0x0,0,0,1,0
0x8000010d,U1_Quest_Barataria,,0x100,0,,1,0,5,0x0,0,0,1,0
0x8000010e,U1_Quest_Rondorin,,0x100,0,,1,0,5,0x0,0,0,1,0
0x8000010f,U1_Quest_LordBritish,,0x100,0,,1,0,5,0x0,0,0,1,0
0x80000110,U1_Quest_Shamino,,0x100,0,,1,0,5,0x0,0,0,1,0
0x80000111,U1_Quest_LostKing,,0x100,0,,1,0,5,0x0,0,0,1,0
0x80000112,U1_Shuttle_Pass,,0x100,0,,0,0,0,0x1,0,1,1,0
0x80000113,U1_Space_Enemies_Killed,,0x100,0,,1,0,9999,0x0,0,1,1,0
0x80000114,Ultima_Completions,,0x100,0,,1,0,15,0x0,0,0,1,0
0x80000115,U2_TimePeriods,,0x100,0,,1,0,31,0x0,0,1,1,0
0x80000116,U3_Marks,,0x100,0,,1,0,15,0x0,0,1,1,0
0x80000117,U3_Cards,,0x100,0,,1,0,15,0x0,0,1,1,0
0x80000118,U3_Exotic_Weapon_Pos_Index,,0x100,0,,0,0,0,0x0,0,0,1,0
0x80000119,U3_Exotic_Armour_Pos_Index,,0x100,0,,0,0,0,0x0,0,0,1,0
0x8000011a,U3_Exodus_Card_Index,,0x100,0,,0,0,0,0x0,0,0,1,0
0x8000011b,U2_Ring_Quest_State,,0x100,0,,0,0,0,0x0,1,0,1,0
0x8000011c,Combat,,0x102,0,,0,,,0x0,0,1,0,0
0x8000011d,Equipped_Weapon,,0x100,0,,0,0,0,0x0,0,1,0,0
0x80000120,PlayerClass,,0x30a,,,0,,,0x0,0,0,0,100
0x80000121,Equipped_Armour,,0x100,0,,0,0,0,0x0,0,1,0,0
0x80000122,Player_ID,,0x100,0,,0,0,0,0x0,0,2,0,0
0x80000123,Character_Prep,,0x102,0,,0,,,0x0,0,1,0,0
0x80000124,U1_Potions,,0x100,0,,1,0,99,0x1,0,1,1,0
0x80000125,U1_Mana,,0x100,0,,1,0,999,0x0,0,2,1,0
0x80000126,Mana,,0x100,0,,1,0,999,0x0,0,0,0,0
0x80000127,U1_Rope_Spikes,,0x100,0,,1,0,99,0x1,0,1,1,0
0x80000128,Max_Mana,,0x100,0,,1,0,999,0x0,0,2,0,0
0x8000012c,Map_Type,,0x100,0,MapType,0,0,0,0x0,0,0,0,0
0x8000012d,Map_Jail_Destination,,0x305,,,0,,,0x0,0,0,0,0
0x8000012e,Map_ID_Above,,0x305,,,0,,,0x0,0,0,0,0
0x8000012f,Map_ID_Below,,0x305,,,0,,,0x0,0,0,0,0
0x80000130,Map_Level,,0x100,0,,0,0,0,0x0,0,0,0,0
0x80000131,Description,,0x103,0,,0,,,0x0,0,0,0,0
0x80000132,Description_Article_Type,,0x100,0,ArticleType,0,0,0,0x0,0,0,0,0
0x80000133,Map_Always_Peer,,0x102,0,,0,,,0x0,0,0,0,0
0x80000134,Map_Solo_Instance,,0x102,0,,0,,,0x0,0,0,0,0
0x80000135,Map_Private_Instance,,0x102,0,,0,,,0x0,0,0,0,0
0x80000136,Inventory_Weapon_Attack_Graphic_ID,,0x306,,,0,,,0x0,0,0,0,0
0x80000137,Inventory_Weapon_Damage,,0x100,0,,0,0,0,0x0,0,0,0,0
0x80000138,Inventory_Weapon_Num_Hands,,0x100,1,,0,0,0,0x0,0,0,0,0
0x80000139,Inventory_Magical,,0x102,0,,0,,,0x0,0,0,0,0
0x8000013a,Inventory_Price,,0x100,0,,0,0,0,0x0,0,0,0,0
0x8000013b,Inventory_Weapon_Attack_Range,,0x100,1,,0,0,0,0x0,0,0,0,0
0x8000013c,Inventory_Weapon_Throwable,,0x102,0,,0,,,0x0,0,0,0,0
0x8000013d,Inventory_Weapon_Always_Hits,,0x102,0,,0,,,0x0,0,0,0,0
0x8000013e,Inventory_Weapon_Has_Strength_Bonus,,0x102,0,,0,,,0x0,0,0,0,0
0x8000013f,Inventory_Class_Compatibility_Flags,,0x100,0,,0,0,0,0x0,0,0,0,0
0x80000140,Inventory_Agility_Min,,0x100,0,,0,0,0,0x0,0,0,0,0
0x80000141,Inventory_Strength_Min,,0x100,0,,0,0,0,0x0,0,0,0,0
0x80000142,Inventory_Weapon_Fire_Effect,,0x102,0,,0,,,0x0,0,0,0,0
0x80000143,Inventory_Weapon_Ice_Effect,,0x102,0,,0,,,0x0,0,0,0,0
0x80000144,Inventory_Weapon_Lightning_Effect,,0x102,0,,0,,,0x0,0,0,0,0
0x80000145,Inventory_Weapon_Poison_Effect,,0x102,0,,0,,,0x0,0,0,0,0
0x80000146,Inventory_Weapon_Sleep_Effect,,0x102,0,,0,,,0x0,0,0,0,0
0x80000147,Inventory_Weapon_Creates_Widget_ID,,0x302,,,0,,,0x0,0,0,0,0
0x80000148,Inventory_Armour_Dexterity_Penalty,,0x100,0,,0,0,0,0x0,1,0,0,0
0x80000149,Inventory_Bound,,0x102,0,,0,,,0x0,0,0,0,0
0x8000014a,Inventory_Type,,0x100,0,InventoryType,0,0,0,0x0,0,0,0,0
0x8000014b,Inventory_Weapon_Damage_Chain_Depth,,0x100,0,,0,0,0,0x0,0,0,0,0
0x8000014c,Tile_Sign,,0x102,0,,0,,,0x0,0,0,0,0
0x8000014d,Tile_Water,,0x102,0,,0,,,0x0,0,0,0,0
0x8000014e,Tile_Space,,0x102,0,,0,,,0x0,0,0,0,0
0x8000014f,Spell_Incantation,,0x103,0,,0,,,0x0,0,0,0,0
0x80000150,Spell_Mana_Cost,,0x100,0,,0,0,0,0x0,0,0,0,0
0x80000151,Spell_Directional,,0x102,0,,0,,,0x0,0,0,0,0
0x80000152,Merchant_Price,,0x100,0,,0,0,0,0x0,0,0,0,0
0x80000153,Spell_Class_Compatibility_Flags,,0x100,0,,0,0,0,0x0,0,0,0,0
0x80000154,Spell_Key_ID,,0x100,0,,0,0,0,0x0,0,0,0,0
0x80000155,Spell_Range,,0x100,0,,0,0,0,0x0,0,0,0,0
0x80000156,Spell_Duration,,0x101,0,,0,0,0,0x0,0,0,0,0
0x80000157,Spell_Targetable,,0x102,0,,0,,,0x0,0,0,0,0
0x80000158,Spell_ID,,0x30a,,,0,,,0x0,0,0,0,0
0x80000159,Spell_Damage,,0x100,0,,0,0,0,0x0,0,0,0,0
0x8000015a,Spell_Secondary_Damage,,0x100,0,,0,0,0,0x0,0,0,0,0
0x8000015b,Spell_Stat_ID,,0x308,,,0,,,0x0,0,0,0,0
0x8000015c,Spell_Apply_Effect_ID,,0x100,0,,0,0,0,0x0,0,0,0,0
0x8000015d,Spell_Mix_Component_Flags,,0x100,0,,0,0,0,0x0,0,0,0,0
0x8000015e,Class_Graphic_ID,,0x306,,,0,,,0x0,0,0,0,0
0x8000015f,Class_ID,,0x100,0,,0,0,0,0x0,0,0,0,0
0x80000160,Class_Strength_Cap,,0x100,0,,0,0,0,0x0,0,0,0,0
0x80000161,Class_Dexterity_Cap,,0x100,0,,0,0,0,0x0,0,0,0,0
0x80000162,Class_Intelligence_Cap,,0x100,0,,0,0,0,0x0,0,0,0,0
0x80000163,Class_Wisdom_Cap,,0x100,0,,0,0,0,0x0,0,0,0,0
0x80000164,Class_Stamina_Cap,,0x100,0,,0,0,0,0x0,0,0,0,0
0x80000165,Class_Charisma_Cap,,0x100,0,,0,0,0,0x0,0,0,0,0
0x80000166,Class_Strength_Bonus,,0x100,0,,0,0,0,0x0,0,0,0,0
0x80000167,Class_Dexterity_Bonus,,0x100,0,,0,0,0,0x0,0,0,0,0
0x80000168,Class_Intelligence_Bonus,,0x100,0,,0,0,0,0x0,0,0,0,0
0x80000169,Class_Wisdom_Bonus,,0x100,0,,0,0,0,0x0,0,0,0,0
0x8000016a,Class_Mana_Source_ID,,0x308,,,0,,,0x0,0,0,0,0
0x8000016b,Class_Mana_Modifier,,0x101,0,,0,0,0,0x0,0,0,0,0
0x8000016c,Class_Casts_Spells,,0x102,0,,0,,,0x0,0,0,0,0
0x8000016d,Class_Starting_Map_ID,,0x305,,,0,,,0x0,0,0,0,0
0x8000016e,Class_Starting_Pos_X,,0x100,0,,0,0,0,0x0,0,0,0,0
0x8000016f,Class_Starting_Pos_Y,,0x100,0,,0,0,0,0x0,0,0,0,0
0x80000172,Portal_Prohibits_Transports,,0x102,0,,0,,,0x0,0,0,0,0
0x80000173,Portal_Usage_Flags,,0x100,0,,0,0,0,0x0,0,0,0,0
0x80000175,Widget_Recurrent,,0x102,0,,0,,,0x0,0,0,0,0
0x80000176,Widget_Recurrency_Interval,,0x101,0,,0,0,0,0x0,0,0,0,0
0x80000177,Widget_Forwards_Interaction,,0x102,0,,0,,,0x0,0,0,0,0
0x80000178,Widget_Destructible,,0x102,0,,0,,,0x0,0,0,0,0
0x80000179,Max_Hitpoints,,0x100,0,,0,0,0,0x0,0,2,0,0
0x8000017a,Creature_XP_Reward,,0x100,0,,0,0,0,0x0,0,0,0,0
0x8000017b,Creature_Strength,,0x100,10,,0,0,0,0x0,0,0,0,0
0x8000017c,Creature_Dexterity,,0x100,10,,0,0,0,0x0,0,0,0,0
0x8000017d,Creature_Intelligence,,0x100,10,,0,0,0,0x0,0,0,0,0
0x8000017e,Creature_Wisdom,,0x100,10,,0,0,0,0x0,0,0,0,0
0x8000017f,Creature_Stamina,,0x100,10,,0,0,0,0x0,0,0,0,0
0x80000180,Creature_Charisma,,0x100,10,,0,0,0,0x0,0,0,0,0
0x80000181,Creature_Humanoid,,0x102,1,,0,,,0x0,0,0,0,0
0x80000182,Creature_Carcass_Type,,0x302,,,0,,,0x0,0,0,0,0
0x80000183,Creature_Loot_Type,,0x302,,,0,,,0x0,0,0,0,0
0x80000185,Creature_Never_Flees,,0x102,0,,0,,,0x0,0,0,0,0
0x80000186,Creature_Steals_Food,,0x102,0,,0,,,0x0,0,0,0,0
0x80000187,Creature_Steals_Gold,,0x102,0,,0,,,0x0,0,0,0,0
0x80000188,Creature_Rewards_Torch,,0x102,0,,0,,,0x0,0,0,0,0
0x80000189,Creature_Rewards_Gold,,0x102,0,,0,,,0x0,0,0,0,0
0x8000018a,Creature_Undead,,0x102,0,,0,,,0x0,0,0,0,0
0x8000018b,Creature_Venomous,,0x102,0,,0,,,0x0,0,0,0,0
0x8000018c,Creature_Resists_Fire,,0x102,0,,0,,,0x0,0,0,0,0
0x8000018d,Creature_Resists_Poison,,0x102,0,,0,,,0x0,0,0,0,0
0x8000018e,Creature_Resists_Sleep,,0x102,0,,0,,,0x0,0,0,0,0
0x8000018f,Creature_Resists_Lightning,,0x102,0,,0,,,0x0,0,0,0,0
0x80000190,Creature_Cold_Susceptible,,0x102,0,,0,,,0x0,0,0,0,0
0x80000191,Creature_Fire_Susceptible,,0x102,0,,0,,,0x0,0,0,0,0
0x80000192,Spawn_Limit,,0x100,0,,0,0,0,0x0,0,0,0,0
0x80000193,Light_Source_Range,,0x100,5,,0,0,0,0x0,0,0,0,0
0x80000194,Creature_Is_Ship,,0x102,0,,0,,,0x0,0,0,0,0
0x80000195,Creature_Is_Horse,,0x102,0,,0,,,0x0,0,0,0,0
0x80000196,Creature_Spell_Type,,0x30a,,,0,,,0x0,0,0,0,0
0x80000197,Respawn_Interval,,0x101,0,,0,0,0,0x0,1,0,1,0
0x80000198,Creature_Weapon_Type,,0x309,,,0,,,0x0,0,0,0,0
0x80000199,Merchant_Reagent_Name,,0x400,,,0,,,0x0,0,0,0,0
0x8000019a,Merchant_Reagent_Proprietor,,0x400,,,0,,,0x0,0,0,0,0
0x800001a3,Merchant_Rations_Name,,0x400,,,0,,,0x0,0,0,0,0
0x800001a4,Merchant_Rations_Proprietor,,0x400,,,0,,,0x0,0,0,0,0
0x800001a5,Merchant_Rations_Price,,0x100,0,,0,0,0,0x0,0,0,0,0
0x800001a6,Merchant_Rations_Pack_Size,,0x100,0,,0,0,0,0x0,0,0,0,0
0x800001a7,Merchant_Healer_Name,,0x400,,,0,,,0x0,0,0,0,0
0x800001a8,Merchant_Healer_Proprietor,,0x400,,,0,,,0x0,0,0,0,0
0x800001ad,Merchant_Inn_Name,,0x400,,,0,,,0x0,0,0,0,0
0x800001ae,Merchant_Inn_Proprietor,,0x400,,,0,,,0x0,0,0,0,0
0x800001b2,Merchant_Inn_Vacancy_0,,0x102,0,,0,,,0x0,0,0,0,0
0x800001b3,Merchant_Inn_Vacancy_1,,0x102,0,,0,,,0x0,0,0,0,0
0x800001b4,Merchant_Inn_Vacancy_2,,0x102,0,,0,,,0x0,0,0,0,0
0x800001bb,Merchant_Inn_Invasion_Chance,,0x100,0,,0,0,0,0x0,0,0,0,0
0x800001bc,Merchant_Weapons_Name,,0x400,,,0,,,0x0,0,0,0,0
0x800001bd,Merchant_Weapons_Proprietor,,0x400,,,0,,,0x0,0,0,0,0
0x800001c6,Merchant_Armour_Name,,0x400,,,0,,,0x0,0,0,0,0
0x800001c7,Merchant_Armour_Proprietor,,0x400,,,0,,,0x0,0,0,0,0
0x800001d0,Merchant_Tavern_Name,,0x400,,,0,,,0x0,0,0,0,0
0x800001d1,Merchant_Tavern_Proprietor,,0x400,,,0,,,0x0,0,0,0,0
0x800001d2,Merchant_Tavern_Special,,0x400,,,0,,,0x0,0,0,0,0
0x800001d3,Merchant_Tavern_Food_Price,,0x100,0,,0,0,0,0x0,0,0,0,0
0x800001d4,Merchant_Tavern_Ale_Price,,0x100,0,,0,0,0,0x0,0,0,0,0
0x800001d5,Merchant_Tavern_Keyword,,0x400,,,0,,,0x0,1,0,0,0
0x800001d6,Merchant_Tavern_Clue,,0x400,,,0,,,0x0,1,0,0,0
0x800001d7,Merchant_Stable_Name,,0x400,,,0,,,0x0,0,0,0,0
0x800001d8,Merchant_Stable_Proprietor,,0x400,,,0,,,0x0,0,0,0,0
0x800001d9,Merchant_Stable_Price,,0x100,0,,0,0,0,0x0,0,0,0,0
0x800001da,Tile_Harmful,,0x102,0,,0,,,0x0,0,0,0,0
0x800001db,Map_Always_Active,,0x102,0,,0,,,0x0,0,0,0,0
0x800001dc,NPC_Dialogue_ID,,0x100,0,,0,0,0,0x0,0,0,1,0
0x800001dd,NPC_Posture_Type,,0x100,0,PostureType,0,0,0,0x0,0,2,1,0
0x800001de,NPC_Type,,0x100,0,NPCType,0,0,0,0x0,0,0,1,0
0x800001e2,Widget_Group_ID,,0x100,0,,0,0,0,0x0,0,0,1,0
0x800001e3,Widget_Default_Visibility,,0x102,1,,0,,,0x0,0,0,1,0
0x800001e4,Widget_Chest_Type,,0x100,0,ChestType,0,0,0,0x0,0,0,1,0
0x800001e5,U1_Signpost_Type,,0x100,0,U1_SignpostType,0,0,0,0x0,1,0,1,0
0x800001e6,Widget_Trap_Type,,0x100,0,TrapType,0,0,0,0x0,0,0,1,0
0x800001e7,Widget_Moongate_Phase,,0x100,0,,0,0,0,0x0,0,0,1,0
0x800001e8,Widget_Exodus_Component_ID,,0x308,,,0,,,0x0,0,0,1,0
0x800001e9,Widget_Fountain_Type,,0x100,0,FountainType,0,0,0,0x0,0,0,1,0
0x800001ea,Widget_Mark_Type,,0x100,0,U3_MarkType,0,0,0,0x0,0,0,1,0
0x800001eb,Widget_Altar_Type,,0x100,0,AltarType,0,0,0,0x0,0,0,1,0
0x800001ec,Widget_Orb_Type,,0x111,0,OrbType,0,0,0,0x0,0,0,1,0
0x800001ed,Map_Alt_Destination_ID,,0x305,,,0,,,0x0,0,0,1,0
0x800001ee,Map_Alt_Destination_PosX,,0x100,0,,0,0,0,0x0,0,0,1,0
0x800001ef,Map_Alt_Destination_PosY,,0x100,0,,0,0,0,0x0,0,0,1,0
0x800001f0,Widget_Trigger_Type,,0x100,0,FloorTriggerType,0,0,0,0x0,0,0,1,0
0x800001f1,Creature_Special_Weapon_1_Type,,0x309,,,0,,,0x0,0,0,0,0
0x800001f2,Creature_Special_Weapon_Chance,,0x100,20,,0,0,0,0x0,0,0,0,0
0x800001f3,Expiration_Interval,,0x101,0,,0,0,0,0x0,0,0,0,0
0x800001f4,Creature_Armour_Type,,0x309,,,0,,,0x0,0,0,0,0
0x800001f5,U2_Signpost_Type,,0x100,0,U2_SignpostType,0,0,0,0x0,1,0,1,0
0x800001f6,U3_Signpost_Index,,0x100,0,,0,0,0,0x0,1,0,1,0
0x800001f7,U3_Shrine_Type,,0x100,0,U3_ShrineType,1,0,3,0x0,0,0,1,0
0x800001f8,Portal_Up_Ladder,,0x102,0,,0,,,0x0,1,0,1,0
0x800001f9,Portal_Down_Ladder,,0x102,0,,0,,,0x0,1,0,1,0
0x800001fa,NPC_Pronoun_Type,,0x100,0,PronounType,0,0,0,0x0,0,0,1,0
0x800001fb,NPC_Begs,,0x102,0,,0,,,0x0,0,0,1,0
0x800001fc,NPC_Carves_Rune,,0x100,0,VirtueType,0,0,0,0x0,1,0,1,0
0x800001fd,NPC_Attack_Chance,,0x100,0,,0,0,0,0x0,1,0,1,0
0x800001fe,NPC_Turn_Away_Chance,,0x100,0,,0,0,0,0x0,1,0,1,0
0x800001ff,Creature_Special_Weapon_2_Type,,0x309,,,0,,,0x0,0,0,0,0
0x80000200,Creature_Special_Weapon_3_Type,,0x309,,,0,,,0x0,0,0,0,0
0x80000201,Creature_Special_Weapon_4_Type,,0x309,,,0,,,0x0,0,0,0,0
0x80000202,Creature_Spell_Cooldown_Duration,,0x101,10,,0,0,0,0x0,0,0,0,0
0x80000203,Creature_Spell_Chance,,0x100,20,,0,0,0,0x0,0,0,0,0
0x80000204,Creature_Special_Weapon_Cooldown_Duration,,0x101,10,,0,0,0,0x0,0,0,0,0
0x80000205,Creature_Extinguishes_Light,,0x102,0,,0,,,0x0,0,0,0,0
0x80000206,Creature_Consumes_Armour,,0x102,0,,0,,,0x0,0,0,0,0
0x80000207,Transport_Type,,0x100,0,TransportType,1,0,10,0x0,0,0,0,0
0x80000208,Map_Negates_Blink_Spell,,0x102,0,,0,,,0x0,0,0,0,0
0x80000209,Map_Negates_YUp_Spell,,0x102,0,,0,,,0x0,0,0,0,0
0x8000020a,Map_Negates_ZDown_Spell,,0x102,0,,0,,,0x0,0,0,0,0
0x8000020b,Inventory_Equipped,,0x102,0,,0,,,0x0,0,0,1,0
0x8000020c,ItemCache_Reagent_Type,,0x100,0,Reagents,0,0,0,0x0,1,0,1,0
0x8000020d,ItemCache_Grants_Reagent,,0x102,1,,0,,,0x0,1,0,1,0
0x8000020e,Reagent_Discovery_Blocked,,0x102,0,,0,,,0x0,1,0,1,0
0x8000020f,ItemCache_Grants_Stone,,0x102,1,,0,,,0x0,1,0,1,0
0x80000210,ItemCache_Stone_Type,,0x100,0,StoneType,0,0,0,0x0,1,0,1,0
0x80000211,ItemCache_Grants_Rune_Materials,,0x102,1,,0,,,0x0,1,0,1,0
0x80000212,ItemCache_Rune_Material_Type,,0x100,0,RuneMaterialType,0,0,0,0x0,1,0,1,0
0x80000213,ItemCache_Grants_Horn,,0x102,1,,0,,,0x0,1,0,1,0
0x80000214,ItemCache_Grants_Skull,,0x102,1,,0,,,0x0,1,0,1,0
0x80000215,ItemCache_Grants_Bell,,0x102,1,,0,,,0x0,1,0,1,0
0x80000216,ItemCache_Grants_Book,,0x102,1,,0,,,0x0,1,0,1,0
0x80000217,ItemCache_Grants_Candle,,0x102,1,,0,,,0x0,1,0,1,0
0x80000218,ItemCache_Grants_HMS_Wheel,,0x102,1,,0,,,0x0,1,0,1,0
0x80000219,ItemCache_Grants_Mystic_Weapon,,0x102,1,,0,,,0x0,1,0,1,0
0x8000021a,ItemCache_Grants_Mystic_Armour,,0x102,1,,0,,,0x0,1,0,1,0
0x8000021b,U4_Virtue,,0x100,0,VirtueType,0,0,0,0x0,0,1,1,0
0x8000021c,U4_Weary_Mind_Cycle_Count,,0x100,0,,0,0,0,0x0,0,1,1,0
0x8000021d,Server_Authoritative_Look,,0x102,1,,0,,,0x0,0,1,1,0
0x8000021e,Merchant_Guild_Name,,0x400,,,0,,,0x0,0,0,0,0
0x8000021f,Merchant_Guild_Proprietor,,0x400,,,0,,,0x0,0,0,0,0
0x80000228,Look_Ignore,,0x102,0,,0,,,0x0,2,0,0,0
0x80000229,Invincible,,0x102,0,,0,,,0x0,1,0,1,0
0x8000022a,Space_Map,,0x305,,,0,,,0x0,1,0,0,0
0x8000022b,U2_Map_Time_Period,,0x100,0,U2_TimegatePeriods,0,0,0,0x0,0,0,0,0
0x8000022c,U2_Orbit_Map,,0x305,,,0,,,0x0,1,0,0,0
0x8000022d,U2_Xeno_Coordinate,,0x100,0,,1,0,9,0x0,0,0,0,0
0x8000022e,U2_Yako_Coordinate,,0x100,0,,1,0,9,0x0,0,0,0,0
0x8000022f,U2_Zebo_Coordinate,,0x100,0,,1,0,9,0x0,0,0,0,0
0x80000230,U1_Transport_ID,,0x100,0,,0,0,0,0x0,0,2,0,0
0x80000231,U2_Transport_ID,,0x100,0,,0,0,0,0x0,0,2,0,0
0x80000232,U3_Transport_ID,,0x100,0,,0,0,0,0x0,0,2,0,0
0x80000233,U4_Transport_ID,,0x100,0,,0,0,0,0x0,0,2,0,0
0x8000023d,Merchant_Magic_Name,,0x400,,,0,,,0x0,0,0,0,0
0x80000246,Merchant_Transport_Name,,0x400,,,0,,,0x0,0,0,0,0
0x80000247,Spell_Altruistic,,0x102,1,,0,,,0x0,2,0,0,0
0x80000248,Creature_Guard,,0x102,0,,0,,,0x0,1,0,0,0
0x80000249,Last_Camouflage_Time,,0x101,0,,0,0,0,0x0,1,0,0,0
0x8000024a,U1_Horse_Dismount_Time,,0x100,0,,0,0,0,0x0,0,1,1,0
0x8000024b,U2_Horse_Dismount_Time,,0x100,0,,0,0,0,0x0,0,1,1,0
0x8000024c,U3_Horse_Dismount_Time,,0x100,0,,0,0,0,0x0,0,1,1,0
0x8000024d,U4_Horse_Dismount_Time,,0x100,0,,0,0,0,0x0,0,1,1,0
0x8000024e,Last_Negate_Time,,0x100,0,,0,0,0,0x0,1,0,1,0
0x8000024f,Alignment,,0x100,0,AlignmentType,0,0,0,0x0,0,2,1,0
0x80000250,Transport_Weapon,,0x309,,,0,,,0x0,0,0,0,0
0x80000251,Weapon_Inhibits_Kill_Credit,,0x102,0,,0,,,0x0,1,0,0,0
0x80000252,Creature_Bribed,,0x102,0,,0,,,0x0,1,0,0,0
0x80000253,Inventory_Armour_Damage_Mitigation,,0x101,0,,1,0,100,0x0,1,0,0,0
0x80000254,Inventory_Spell_Bonus_Modifier,,0x101,0,,0,0,0,0x0,1,0,0,0
0x80000255,U1_Transport_Code,,0x100,0,,0,0,0,0x0,1,0,1,0
0x80000256,U2_Transport_Code,,0x100,0,,0,0,0,0x0,1,0,1,0
0x80000257,U3_Transport_Code,,0x100,0,,0,0,0,0x0,1,0,1,0
0x80000258,U4_Transport_Code,,0x100,0,,0,0,0,0x0,1,0,1,0
0x80000259,U1_Transport_PosX,,0x100,0,,0,0,0,0x0,1,0,1,0
0x8000025a,U1_Transport_PosY,,0x100,0,,0,0,0,0x0,1,0,1,0
0x8000025b,U2_Transport_PosX,,0x100,0,,0,0,0,0x0,1,0,1,0
0x8000025c,U2_Transport_PosY,,0x100,0,,0,0,0,0x0,1,0,1,0
0x8000025d,U3_Transport_PosX,,0x100,0,,0,0,0,0x0,1,0,1,0
0x8000025e,U3_Transport_PosY,,0x100,0,,0,0,0,0x0,1,0,1,0
0x8000025f,U4_Transport_PosX,,0x100,0,,0,0,0,0x0,1,0,1,0
0x80000260,U4_Transport_PosY,,0x100,0,,0,0,0,0x0,1,0,1,0
0x80000261,U1_Transport_Map,,0x305,,,0,,,0x0,0,1,1,0
0x80000262,U2_Transport_Map,,0x305,,,0,,,0x0,0,1,1,0
0x80000263,U3_Transport_Map,,0x305,,,0,,,0x0,0,1,1,0
0x80000264,U4_Transport_Map,,0x305,,,0,,,0x0,0,1,1,0
0x80000265,U1_Transport_Widget,,0x302,,,0,,,0x0,0,1,1,0
0x80000266,U2_Transport_Widget,,0x302,,,0,,,0x0,0,1,1,0
0x80000267,U3_Transport_Widget,,0x302,,,0,,,0x0,0,1,1,0
0x80000268,U4_Transport_Widget,,0x302,,,0,,,0x0,0,1,1,0
0x80000269,Transport_Personal,,0x102,0,,0,,,0x0,1,0,0,0
0x8000026a,Transport_Uses_Heading,,0x102,0,,0,,,0x0,0,0,0,0
0x8000026b,U1_Quest_Type,,0x100,0,U1_KingQuestType,1,0,7,0x0,1,0,0,0
0x8000026c,U4_Sextant_Accessible,,0x102,0,,0,,,0x0,0,1,1,0
0x8000026d,Inventory_Stacks,,0x102,0,,0,,,0x0,0,0,0,0
0x8000026e,Inventory_Quantity,,0x100,0,,1,0,99,0x0,0,1,1,0
0x8000026f,U3_Horse,,0x102,0,,0,,,0x0,0,1,1,0
0x80000270,U2_Horse,,0x102,0,,0,,,0x0,0,1,1,0
0x80000271,U1_Horse,,0x102,0,,0,,,0x0,0,1,1,0
0x80000272,Map_GraphicID,,0x306,,,0,,,0x0,2,0,0,0
0x80000273,ItemCache_Grants_Card,,0x102,1,,0,,,0x0,1,0,1,0
0x80000274,ItemCache_Card_Type,,0x100,0,U3_CardType,0,0,0,0x0,1,0,1,0
0x80000275,U2_Oracle_ID,,0x100,0,,0,0,0,0x0,1,0,1,0
0x80000276,U2_Quicksword_Quest_State,,0x100,0,,0,0,0,0x0,1,0,1,0
0x80000277,U2_Oracle_Flags,,0x100,0,,1,0,512,0x0,0,1,1,0
0x80000278,Interaction_Stamp,,0x308,,,0,,,0x0,1,0,1,0
0x80000279,U2_Ring_Index,,0x100,0,,1,0,3,0x0,1,0,1,0
0x8000027a,U2_Magic_Ring,,0x102,0,,0,,,0x0,0,1,1,0
0x8000027b,U2_Quicksword_Material_Index,,0x100,0,QuickswordMaterialIndex,1,0,5,0x0,1,0,1,0
0x8000027c,U2_Item_Quicksword_Materials,,0x100,0,,1,0,7,0x0,0,1,1,0
0x8000027d,NPC_Name,,0x400,,,0,,,0x0,1,0,1,0
0x8000027e,Spawn_Discrete,,0x102,0,,0,,,0x0,1,0,1,0
0x8000027f,Weapon_Broadsides_Only,,0x102,0,,0,,,0x0,0,0,0,0
0x80000281,Spell_School,,0x100,0,SpellSchool,0,0,0,0x0,0,0,0,0
0x80000282,U1_Cart,,0x102,0,,0,,,0x0,0,1,1,0
0x80000283,U1_Cart_Deboard_Time,,0x100,0,,0,0,0,0x0,0,1,1,0
0x80000284,U1_Aircar,,0x102,0,,0,,,0x0,0,1,1,0
0x80000285,U1_Aircar_Deboard_Time,,0x100,0,,0,0,0,0x0,0,1,1,0
0x80000286,U1_Raft,,0x102,0,,0,,,0x0,0,1,1,0
0x80000287,U1_Raft_Deboard_Time,,0x100,0,,0,0,0,0x0,0,1,1,0
0x80000288,U1_Frigate,,0x102,0,,0,,,0x0,0,1,1,0
0x80000289,U1_Frigate_Deboard_Time,,0x100,0,,0,0,0,0x0,0,1,1,0
0x8000028a,Princess_ID,,0x100,0,U1_PrincessType,0,0,0,0x0,1,0,1,0
0x8000028b,U1_Rescued_Princess_Flags,,0x100,0,,1,0,255,0x0,1,0,1,0
0x8000028c,U3_Oracle_Index,,0x100,0,,1,0,10,0x0,1,0,1,0
